-- phpMyAdmin SQL Dump
-- version 5.1.1
-- https://www.phpmyadmin.net/
--
-- Servidor: 127.0.0.1
-- Tiempo de generación: 09-03-2022 a las 13:33:12
-- Versión del servidor: 10.4.19-MariaDB
-- Versión de PHP: 8.0.7

SET SQL_MODE = "NO_AUTO_VALUE_ON_ZERO";
START TRANSACTION;
SET time_zone = "+00:00";


/*!40101 SET @OLD_CHARACTER_SET_CLIENT=@@CHARACTER_SET_CLIENT */;
/*!40101 SET @OLD_CHARACTER_SET_RESULTS=@@CHARACTER_SET_RESULTS */;
/*!40101 SET @OLD_COLLATION_CONNECTION=@@COLLATION_CONNECTION */;
/*!40101 SET NAMES utf8mb4 */;

--
-- Base de datos: `open2000`
--

-- --------------------------------------------------------

--
-- Estructura de tabla para la tabla `clasifica`
--

CREATE TABLE `clasifica` (
  `puesto` int(3) NOT NULL,
  `idjugador` char(8) NOT NULL
) ENGINE=InnoDB DEFAULT CHARSET=utf8mb4;

--
-- Volcado de datos para la tabla `clasifica`
--

INSERT INTO `clasifica` (`puesto`, `idjugador`) VALUES
(1, '35051555'),
(2, '24508470'),
(3, '1227017'),
(4, '2217074'),
(5, '5025567'),
(6, '30960967'),
(7, '24507407'),
(8, '10602003'),
(9, '25699016'),
(10, '2223821'),
(11, '2219000'),
(12, '54764998'),
(13, '2262010'),
(14, '5062160'),
(15, '24595349'),
(16, '5042178'),
(17, '1506455'),
(18, '32052855'),
(19, '845272'),
(20, '213950'),
(21, '1619918'),
(22, '45010862'),
(23, '2225433'),
(24, '2227657'),
(25, '2031752'),
(26, '54533244'),
(27, '2867171'),
(28, '404802'),
(29, '54535603'),
(30, '2215055'),
(31, '2252236'),
(32, '1212184'),
(33, '24580112'),
(34, '24528030'),
(35, '1508270'),
(36, '1058207'),
(37, '2220660'),
(38, '4464966'),
(39, '54542987'),
(40, '2278936'),
(41, '25076060'),
(42, '1239805'),
(43, '54562368'),
(44, '7500432'),
(45, '45050449'),
(46, '2224356'),
(47, '2211734'),
(48, '2212005'),
(49, '35050362'),
(50, '2936690'),
(51, '2275376'),
(52, '22287965'),
(53, '22218149'),
(54, '1025970'),
(55, '24628115'),
(56, '2237695'),
(57, '2281619'),
(58, '2285592'),
(59, '5059984'),
(60, '205257'),
(61, '2237750'),
(62, '32015046'),
(63, '32025971'),
(64, '34613846'),
(65, '2278723'),
(66, '24150070'),
(67, '54562880'),
(68, '2226782'),
(69, '2212323'),
(70, '2206838'),
(71, '2213079'),
(72, '54775060'),
(73, '2218372'),
(74, '34254978'),
(75, '2253062'),
(76, '865052'),
(77, '24560332'),
(78, '54194407'),
(79, '6305997'),
(80, '2208776'),
(81, '2269007'),
(82, '470562'),
(83, '54703549'),
(84, '805963'),
(85, '2221780'),
(86, '6349722'),
(87, '2258552'),
(88, '7500173'),
(89, '54539005'),
(90, '32015054'),
(91, '2835075'),
(92, '2273551'),
(93, '24533513'),
(94, '54509971'),
(95, '2268981'),
(96, '2282143'),
(97, '12818259'),
(98, '2278103'),
(99, '24598143'),
(100, '44541147'),
(101, '24523330'),
(102, '6309330'),
(103, '2261790'),
(104, '24515132'),
(105, '9999998'),
(106, '54718228'),
(107, '22276483'),
(108, '837903'),
(109, '2270145'),
(110, '2242761'),
(111, '2277646'),
(112, '1515730'),
(113, '2245213'),
(114, '2503093'),
(115, '7901208'),
(116, '24553557'),
(117, '24522678'),
(118, '32048815'),
(119, '54705380'),
(120, '131318'),
(121, '24521612'),
(122, '2248611'),
(123, '2401347'),
(124, '2290979'),
(125, '2935600'),
(126, '1526170'),
(127, '24563013'),
(128, '1518984'),
(129, '1508423'),
(130, '12823848'),
(131, '54775167'),
(132, '24523879'),
(133, '54586674'),
(134, '24508500'),
(135, '2296128'),
(136, '22273042'),
(137, '22276645'),
(138, '2253968'),
(139, '22292616'),
(140, '54524865'),
(141, '32099029'),
(142, '22224327'),
(143, '54745411'),
(144, '2262045'),
(145, '54785057'),
(146, '54788455'),
(147, '24555088'),
(148, '24296562'),
(149, '9999999'),
(150, '54783526'),
(151, '24595829'),
(152, '22281398'),
(153, '54788226'),
(154, '24580376'),
(155, '10607501');

-- --------------------------------------------------------

--
-- Estructura de tabla para la tabla `cuadropremio`
--

CREATE TABLE `cuadropremio` (
  `idpremio` int(2) NOT NULL,
  `orden` int(2) NOT NULL,
  `valor` int(4) NOT NULL,
  `idjugador` char(8) NOT NULL
) ENGINE=InnoDB DEFAULT CHARSET=utf8mb4;

--
-- Volcado de datos para la tabla `cuadropremio`
--

INSERT INTO `cuadropremio` (`idpremio`, `orden`, `valor`, `idjugador`) VALUES
(1, 1, 3000, '35051555'),
(1, 2, 1500, '24508470'),
(1, 3, 1200, '1227017'),
(1, 4, 1000, '2217074'),
(1, 5, 800, '5025567'),
(1, 6, 700, '30960967'),
(1, 7, 600, '24507407'),
(1, 8, 500, '10602003'),
(1, 9, 400, '25699016'),
(1, 10, 300, '54764998'),
(1, 11, 250, '5062160'),
(1, 12, 200, '24595349'),
(1, 13, 150, '5042178'),
(1, 14, 150, '1506455'),
(1, 15, 150, '32052855'),
(1, 16, 100, '54542987'),
(1, 17, 100, '2278936'),
(1, 18, 100, '2275376'),
(1, 19, 100, '24628115'),
(1, 20, 100, '2281619'),
(1, 21, 80, '205257'),
(1, 22, 80, '32015046'),
(1, 23, 80, '32025971'),
(1, 24, 80, '2278723'),
(1, 25, 80, '24150070'),
(2, 1, 500, '2223821'),
(2, 2, 400, '2219000'),
(2, 3, 300, '2262010'),
(2, 4, 250, '2227657'),
(2, 5, 200, '54533244'),
(2, 6, 150, '54535603'),
(2, 7, 100, '2237750'),
(2, 8, 80, '54562880'),
(3, 1, 250, '45010862'),
(3, 2, 200, '2225433'),
(3, 3, 150, '2252236'),
(3, 4, 100, '2285592'),
(3, 5, 80, '2206838'),
(4, 1, 250, '25076060'),
(4, 2, 200, '54562368'),
(4, 3, 150, '45050449'),
(4, 4, 100, '5059984'),
(4, 5, 80, '54775060'),
(5, 1, 250, '34613846'),
(5, 2, 200, '6349722'),
(5, 3, 150, '12818259'),
(5, 4, 100, '24598143'),
(5, 5, 80, '24515132'),
(6, 1, 150, '845272'),
(6, 2, 150, '213950'),
(6, 3, 150, '1619918'),
(6, 4, 150, '2031752'),
(6, 5, 150, '2867171'),
(6, 6, 150, '404802'),
(6, 7, 150, '2215055'),
(6, 8, 150, '1212184'),
(6, 9, 150, '24580112'),
(6, 10, 150, '24528030'),
(6, 11, 150, '1508270'),
(6, 12, 150, '1058207'),
(6, 13, 150, '2220660'),
(6, 14, 150, '4464966'),
(6, 15, 150, '1239805'),
(6, 16, 150, '7500432'),
(6, 17, 150, '2224356'),
(6, 18, 150, '2211734'),
(6, 19, 150, '2212005'),
(6, 20, 150, '35050362'),
(6, 21, 150, '2936690'),
(6, 22, 150, '22287965'),
(6, 23, 150, '22218149'),
(6, 24, 150, '1025970'),
(6, 25, 150, '2237695');

-- --------------------------------------------------------

--
-- Estructura de tabla para la tabla `jugador`
--

CREATE TABLE `jugador` (
  `idjugador` char(8) NOT NULL,
  `nombre` varchar(30) NOT NULL,
  `elo` int(4) NOT NULL,
  `origen` char(3) NOT NULL,
  `hotel` set('S','N') NOT NULL,
  `ranking` int(4) NOT NULL
) ENGINE=InnoDB DEFAULT CHARSET=utf8mb4;

--
-- Volcado de datos para la tabla `jugador`
--

INSERT INTO `jugador` (`idjugador`, `nombre`, `elo`, `origen`, `hotel`, `ranking`) VALUES
('1025970', 'Post, Maarten', 1869, '', 'S', 31),
('1058207', 'Van Dijk, Erik', 1895, '', 'S', 25),
('10602003', 'Ehab, Mohamed', 1945, '', 'S', 9),
('10607501', 'Fahmy, Mohamed Adel', 1759, '', 'S', 54),
('1212184', 'Mohorea, Vasile', 1966, '', 'S', 6),
('1227017', 'Strugari, Vasile', 1872, '', 'S', 30),
('1239805', 'Zanfir, Iulian', 1709, '', 'S', 74),
('12818259', 'Sirtautas, Indrius', 0, '', 'S', 159),
('12823848', 'Tutkus, Lukas', 0, '', 'S', 160),
('131318', 'Nardi, Hector', 1407, 'VAL', 'S', 129),
('1506455', 'Johansen, Lars', 1896, '', 'S', 23),
('1508270', 'Dyrnes, Jussi', 1767, '', 'S', 53),
('1508423', 'Mottang, Harald', 1526, '', 'S', 115),
('1515730', 'Flo, Steinar', 1544, '', 'S', 106),
('1518984', 'Jensen, Michael Eckmann', 1522, '', 'S', 117),
('1526170', 'Grindbakken, Erik', 1651, '', 'S', 86),
('1619918', 'Fichtinger, Leopold', 1861, '', 'S', 36),
('2031752', 'Holliman, Bob', 1946, '', 'S', 8),
('205257', 'Cluyts, Marc', 1986, '', 'S', 1),
('213950', 'Cuvelier, Annelies', 1927, '', 'S', 13),
('2206838', 'Platero Manteca, Javier', 1686, '', 'S', 80),
('2208776', 'Garcia Esteban, Ignacio', 1791, '', 'S', 46),
('2211734', 'Hernandez Delgado, Gabriel', 1873, '', 'S', 29),
('2212005', 'Lobato Lavin, Alvaro', 1789, '', 'S', 47),
('2212323', 'Fernandez Lopez, Francisco J.', 1902, 'VAL', 'S', 21),
('2213079', 'Garcia Bueno, Juan Pablo', 1808, '', 'S', 44),
('2215055', 'Hurtado Oldridge, Felipe', 1894, '', 'S', 26),
('2217074', 'Mascarell Canet, Ricardo', 1969, 'VAL', 'N', 4),
('2218372', 'Martinez Carnicer, Eduardo', 1742, '', 'S', 63),
('2219000', 'Rios Garcia, Miguel', 1854, 'VAL', 'S', 37),
('2220660', 'Juarez Manzano, Juan', 1906, 'VAL', 'S', 20),
('2221780', 'Garcia Martin, Juan Manuel', 1527, '', 'S', 113),
('22218149', 'Albuixech Sanz, Jorge', 1710, 'VAL', 'S', 72),
('22224327', 'Hall, Rachid', 1927, '', 'S', 15),
('2223821', 'Selva Salvador, Antonio', 1940, 'VAL', 'S', 10),
('2224356', 'Hassomal Daswani, Birjkumar', 1863, 'VAL', 'S', 33),
('2225433', 'Lopez Heras, Arturo', 1698, '', 'S', 77),
('2226782', 'Fernandez Garcia, Ignacio', 1838, '', 'S', 39),
('22273042', 'Macia Senent, Joaquin', 1394, 'VAL', 'N', 131),
('22276483', 'Frias Catenas, Jose Luis', 1624, 'VAL', 'N', 92),
('2227657', 'Perez Garcia, Jose Miguel', 1914, 'VAL', 'S', 18),
('22276645', 'Gomez Maestro, Gustavo', 1686, 'VAL', 'N', 81),
('22281398', 'Galletero Monsalve, Juan Fco', 1152, '', 'S', 145),
('22287965', 'Bergara Ede, Josu', 1684, 'VAL', 'S', 82),
('22292616', 'Talavera Moya, Salvador', 1578, 'VAL', 'N', 100),
('2237695', 'Martinez Zazo, Jesus', 1655, '', 'S', 83),
('2237750', 'Planelles Ortega, Emilio', 1756, 'VAL', 'N', 57),
('2242761', 'Donazar Garayoa, Miguel', 1651, '', 'N', 85),
('2245213', 'Valenzuela Garcia, Alberto', 1407, 'VAL', 'S', 130),
('2248611', 'Perez de Sousa, Jose Manuel', 1826, 'VAL', 'S', 42),
('2252236', 'Elizondo Marquet, Juan Marcos', 1745, '', 'S', 62),
('2253062', 'Perez Pascual, Arturo', 1748, '', 'N', 61),
('2253968', 'Morant Gomar, Sergio', 1652, 'VAL', 'S', 84),
('2258552', 'Campos Busquiel, Alejandro', 1718, 'VAL', 'N', 70),
('2261790', 'Conde Negro, Francisco Javier', 1467, '', 'S', 123),
('2262010', 'Dura Olmos, Gines Raul', 1966, 'VAL', 'N', 5),
('2262045', 'Ramos Garcia, Miguel', 1691, '', 'S', 79),
('2268981', 'Torras Campdelacreu, Xavier', 1843, '', 'S', 38),
('2269007', 'De Luna Butz, Alberto', 1649, '', 'S', 87),
('2270145', 'Amoros Moran, Jose Joaquin', 1912, 'VAL', 'N', 19),
('2273551', 'Arnot, Bob', 1749, 'VAL', 'N', 60),
('2275376', 'Pedraza Fernandez, Miguel Ange', 1721, 'VAL', 'N', 68),
('2277646', 'Nieto Lopez, Francisco Ramon', 1757, '', 'S', 55),
('2278103', 'Tuimil Martinez, Ricardo', 1541, '', 'S', 107),
('2278723', 'Ballina Amandi, Casimiro', 1774, '', 'S', 51),
('2278936', 'Grau Peris, Ruben', 1727, 'VAL', 'N', 65),
('2281619', 'Espejo Montagut, Jose Maria', 1735, '', 'S', 64),
('2282143', 'Minguela Munoz, Bienvenido', 1785, '', 'S', 49),
('2285592', 'Garcia Castilla, Manuel', 1721, '', 'S', 67),
('2290979', 'Pascual Fuertes, Jose Enrique', 1538, '', 'S', 108),
('2296128', 'Agullo Valcarcel, Carlos', 1500, 'VAL', 'N', 121),
('2401347', 'Aird, Ian', 1750, '', 'S', 59),
('24150070', 'Belova, Tatiana', 1940, '', 'S', 11),
('24296562', 'Polikarpov, Anton', 1105, 'VAL', 'S', 147),
('24507407', 'Castro Quijano, Eduardo', 1976, '', 'S', 3),
('24508470', 'Sempere Domenech, Abel', 1923, 'VAL', 'N', 17),
('24508500', 'Rodriguez Manyas, Miguel', 1368, 'VAL', 'N', 134),
('24515132', 'Rico Garcia, Carlos', 0, 'VAL', 'N', 158),
('24521612', 'Morata Perez, Jose', 1393, '', 'S', 132),
('24522678', 'Albuixech Soler, Sergi', 1367, 'VAL', 'S', 135),
('24523330', 'Pedchenko, Serhiy', 1535, '', 'S', 111),
('24523879', 'Nuevo Cabezas, Antonio', 1314, '', 'S', 138),
('24528030', 'Tudela Gonzalez, Victor', 1869, 'VAL', 'S', 32),
('24533513', 'Bilbao Gaubeka, Jon', 1756, '', 'N', 56),
('24553557', 'Bravo Perez, Miguel', 1447, 'VAL', 'N', 125),
('24555088', 'Calabuig Negre, Rafael', 1050, 'VAL', 'S', 148),
('24560332', 'Tomas Parra, Samuel', 1692, 'VAL', 'N', 78),
('24563013', 'Verhoeven, Rudiger', 1449, '', 'S', 124),
('24580112', 'Gukasov, Artem', 1718, 'VAL', 'S', 71),
('24580376', 'Camison Zornoza, Cesar', 1892, '', 'S', 27),
('24595349', 'Sanroman Costas, Mauro', 1863, '', 'S', 34),
('24595829', 'Mas Ripoll, Vicente', 1238, 'VAL', 'N', 142),
('24598143', 'Martinez Herranz, Francisco Jo', 1261, '', 'S', 141),
('24628115', 'Kopischke, Maik', 1828, '', 'N', 41),
('2503093', 'Mirza, Gabriel', 1623, '', 'N', 93),
('25076060', 'Raghava Madhavan', 1546, '', 'S', 105),
('25699016', 'Sarveshwaran V', 1536, '', 'S', 109),
('264121', 'Cuyvers, Jens', 1619, '', 'S', 94),
('2835075', 'Miosi, Francesco', 1710, '', 'S', 73),
('2867171', 'Maresco, Diego', 1896, '', 'S', 24),
('2935600', 'Mateeva, Yana', 1266, '', 'S', 140),
('2936690', 'Mateev, Kaloyan Mateev', 1720, '', 'S', 69),
('30960967', 'Vemparala, Nikash', 1633, '', 'S', 90),
('32015046', 'Garcia Yepes, Miguel Angel', 1606, 'VAL', 'N', 96),
('32015054', 'Pastor Marti, Jaume', 1777, 'VAL', 'N', 50),
('32025971', 'Fernandez Cabrero, Fernando', 1520, '', 'S', 118),
('32048815', 'Herce Jimenez, Angel', 1505, '', 'S', 120),
('32052855', 'Gutierrez Abarrategui, Luis', 1927, '', 'S', 14),
('32099029', 'Llopis Cano, Marilo', 1133, 'VAL', 'N', 146),
('33378703', 'Akshobhya Damodar Katti', 0, '', 'S', 149),
('34254978', 'Voronaya, Eva', 1625, '', 'S', 91),
('34613846', 'Alieksieiev, Oleksii', 0, '', 'S', 150),
('35050362', 'Aadith R', 1726, '', 'S', 66),
('35051555', 'Vignesh B', 1947, '', 'S', 7),
('404802', 'Spanton, Tim R', 1829, '', 'S', 40),
('44541147', 'Bozkurt, Celal', 1439, '', 'S', 127),
('4464966', 'Estrada, Walter', 1928, '', 'S', 12),
('45010862', 'Sasvatha A', 1773, '', 'S', 52),
('45050449', 'Swapna C N', 1536, '', 'S', 110),
('470562', 'Kearsley, Raymond J', 1586, '', 'S', 98),
('5025567', 'Vigneshwaran, N.', 1593, '', 'S', 97),
('5042178', 'Saketh, Pedagandham', 1875, '', 'S', 28),
('5059984', 'Srihari N', 1523, '', 'S', 116),
('5062160', 'Arvind Ramnath Iyer', 1581, '', 'S', 99),
('54194407', 'Vinogradov, Sergey V.', 1552, 'VAL', 'S', 104),
('54509971', 'Nieto Foresti, Julian', 1560, '', 'S', 103),
('54524865', 'Staneke, Ronald', 1336, 'VAL', 'N', 137),
('54533244', 'Beneyto De Ramon, Guillermo', 1703, 'VAL', 'S', 76),
('54535603', 'Oreshkin, Vladislav', 1900, 'VAL', 'N', 22),
('54539005', 'Ceinos Diez, Mariano', 1753, '', 'S', 58),
('54542987', 'Munoz Osete, Marcos', 1795, 'VAL', 'N', 45),
('54562368', 'Berenguer Sanchis, Juan Vicent', 1479, 'VAL', 'N', 122),
('54562880', 'Gomez Alonso, Oscar', 1788, 'VAL', 'N', 48),
('54586674', 'Jaglinski, Aleksander', 1157, 'VAL', 'N', 144),
('54587735', 'Castillo Hidalgo, Alejandro', 1442, '', 'S', 126),
('54703549', 'Garcia Vives, Joan', 1505, 'VAL', 'N', 119),
('54705380', 'Hladiy, Mark', 1236, 'VAL', 'N', 143),
('54718228', 'Gonzalez Caceres, Lauren', 1416, 'VAL', 'N', 128),
('54745411', 'Marin Giner, Gustavo', 1375, 'VAL', 'N', 133),
('54764998', 'Ilinca Ilinca, Felix Antonio', 1813, 'VAL', 'N', 43),
('54775060', 'Romero Nieto, Hugo', 1561, '', 'S', 102),
('54775167', 'Ilinca Ilinca, Filip Antonio', 1362, 'VAL', 'N', 136),
('54783526', 'Perez Solanas, Hugo', 0, '', 'N', 157),
('54785057', 'Navarro Juan, Isaac', 0, 'VAL', 'N', 155),
('54788226', 'Galantino, Federica', 0, 'VAL', 'S', 153),
('54788455', 'Nechifor, David', 0, 'VAL', 'N', 156),
('6305997', 'Bagci, Hikmet', 1572, '', 'S', 101),
('6309330', 'Altin, Halis', 1526, '', 'S', 114),
('6349722', 'Dogan, Halit', 1311, '', 'S', 139),
('7500173', 'Paricharak, Nakul', 1862, '', 'S', 35),
('7500432', 'Paricharak, Shardul', 1980, '', 'S', 2),
('7901208', 'Bounehas, Halim', 1633, '', 'N', 89),
('805963', 'Pelyushenko, Vladyslav', 1640, '', 'S', 88),
('837903', 'Todic, Simo', 1705, '', 'S', 75),
('845272', 'Mileo, Pierpaolo', 1924, '', 'S', 16),
('865052', 'Bandieramonte, Enrico', 1610, '', 'S', 95),
('9999997', 'Maiza, Gabi', 0, '', 'S', 154),
('9999998', 'Davison, Zachary', 0, 'VAL', 'S', 152),
('9999999', 'Becares Rodriguez, Antonio', 0, 'VAL', 'N', 151);

-- --------------------------------------------------------

--
-- Estructura de tabla para la tabla `optapremio`
--

CREATE TABLE `optapremio` (
  `idjugador` char(8) NOT NULL,
  `idpremio` int(2) NOT NULL
) ENGINE=InnoDB DEFAULT CHARSET=utf8mb4;

--
-- Volcado de datos para la tabla `optapremio`
--

INSERT INTO `optapremio` (`idjugador`, `idpremio`) VALUES
('1025970', 1),
('1025970', 6),
('1058207', 1),
('1058207', 6),
('10602003', 1),
('10602003', 6),
('10607501', 1),
('10607501', 3),
('10607501', 6),
('1212184', 1),
('1212184', 6),
('1227017', 1),
('1227017', 6),
('1239805', 1),
('1239805', 3),
('1239805', 6),
('12818259', 1),
('12818259', 3),
('12818259', 4),
('12818259', 5),
('12818259', 6),
('12823848', 1),
('12823848', 3),
('12823848', 4),
('12823848', 5),
('12823848', 6),
('131318', 1),
('131318', 2),
('131318', 3),
('131318', 4),
('131318', 6),
('1506455', 1),
('1506455', 6),
('1508270', 1),
('1508270', 3),
('1508270', 6),
('1508423', 1),
('1508423', 3),
('1508423', 4),
('1508423', 6),
('1515730', 1),
('1515730', 3),
('1515730', 4),
('1515730', 6),
('1518984', 1),
('1518984', 3),
('1518984', 4),
('1518984', 6),
('1526170', 1),
('1526170', 3),
('1526170', 6),
('1619918', 1),
('1619918', 6),
('2031752', 1),
('2031752', 6),
('205257', 1),
('205257', 6),
('213950', 1),
('213950', 6),
('2206838', 1),
('2206838', 3),
('2206838', 6),
('2208776', 1),
('2208776', 3),
('2208776', 6),
('2211734', 1),
('2211734', 6),
('2212005', 1),
('2212005', 3),
('2212005', 6),
('2212323', 1),
('2212323', 2),
('2212323', 6),
('2213079', 1),
('2213079', 6),
('2215055', 1),
('2215055', 6),
('2217074', 1),
('2217074', 2),
('2218372', 1),
('2218372', 3),
('2218372', 6),
('2219000', 1),
('2219000', 2),
('2219000', 6),
('2220660', 1),
('2220660', 2),
('2220660', 6),
('2221780', 1),
('2221780', 3),
('2221780', 4),
('2221780', 6),
('22218149', 1),
('22218149', 2),
('22218149', 3),
('22218149', 6),
('22224327', 1),
('22224327', 6),
('2223821', 1),
('2223821', 2),
('2223821', 6),
('2224356', 1),
('2224356', 2),
('2224356', 6),
('2225433', 1),
('2225433', 3),
('2225433', 6),
('2226782', 1),
('2226782', 6),
('22273042', 1),
('22273042', 2),
('22273042', 3),
('22273042', 4),
('22273042', 5),
('22276483', 1),
('22276483', 2),
('22276483', 3),
('2227657', 1),
('2227657', 2),
('2227657', 6),
('22276645', 1),
('22276645', 2),
('22276645', 3),
('22281398', 1),
('22281398', 3),
('22281398', 4),
('22281398', 5),
('22281398', 6),
('22287965', 1),
('22287965', 2),
('22287965', 3),
('22287965', 6),
('22292616', 1),
('22292616', 2),
('22292616', 3),
('22292616', 4),
('2237695', 1),
('2237695', 3),
('2237695', 6),
('2237750', 1),
('2237750', 2),
('2237750', 3),
('2242761', 1),
('2242761', 3),
('2245213', 1),
('2245213', 2),
('2245213', 3),
('2245213', 4),
('2245213', 6),
('2248611', 1),
('2248611', 2),
('2248611', 6),
('2252236', 1),
('2252236', 3),
('2252236', 6),
('2253968', 1),
('2253968', 2),
('2253968', 3),
('2253968', 6),
('2258552', 1),
('2258552', 2),
('2258552', 3),
('2261790', 1),
('2261790', 3),
('2261790', 4),
('2261790', 6),
('2262010', 1),
('2262010', 2),
('2262045', 1),
('2262045', 3),
('2262045', 6),
('2268981', 1),
('2268981', 6),
('2269007', 1),
('2269007', 3),
('2269007', 6),
('2270145', 1),
('2270145', 2),
('2273551', 1),
('2273551', 2),
('2273551', 3),
('2275376', 1),
('2275376', 2),
('2275376', 3),
('2277646', 1),
('2277646', 3),
('2277646', 6),
('2278103', 1),
('2278103', 3),
('2278103', 4),
('2278103', 6),
('2278723', 1),
('2278723', 3),
('2278723', 6),
('2278936', 1),
('2278936', 2),
('2278936', 3),
('2281619', 1),
('2281619', 3),
('2281619', 6),
('2282143', 1),
('2282143', 3),
('2282143', 6),
('2285592', 1),
('2285592', 3),
('2285592', 6),
('2290979', 1),
('2290979', 3),
('2290979', 4),
('2290979', 6),
('2296128', 1),
('2296128', 2),
('2296128', 3),
('2296128', 4),
('2401347', 1),
('2401347', 3),
('2401347', 6),
('24150070', 1),
('24150070', 6),
('24296562', 1),
('24296562', 2),
('24296562', 3),
('24296562', 4),
('24296562', 5),
('24296562', 6),
('24507407', 1),
('24507407', 6),
('24508470', 1),
('24508470', 2),
('24508500', 1),
('24508500', 2),
('24508500', 3),
('24508500', 4),
('24508500', 5),
('24515132', 1),
('24515132', 2),
('24515132', 3),
('24515132', 4),
('24515132', 5),
('24521612', 1),
('24521612', 3),
('24521612', 4),
('24521612', 5),
('24521612', 6),
('24522678', 1),
('24522678', 2),
('24522678', 3),
('24522678', 4),
('24522678', 5),
('24522678', 6),
('24523330', 1),
('24523330', 3),
('24523330', 4),
('24523330', 6),
('24523879', 1),
('24523879', 3),
('24523879', 4),
('24523879', 5),
('24523879', 6),
('24528030', 1),
('24528030', 2),
('24528030', 6),
('24533513', 1),
('24533513', 3),
('24553557', 1),
('24553557', 2),
('24553557', 3),
('24553557', 4),
('24555088', 1),
('24555088', 2),
('24555088', 3),
('24555088', 4),
('24555088', 5),
('24555088', 6),
('24560332', 1),
('24560332', 2),
('24560332', 3),
('24563013', 1),
('24563013', 3),
('24563013', 4),
('24563013', 6),
('24580112', 1),
('24580112', 2),
('24580112', 3),
('24580112', 6),
('24580376', 1),
('24580376', 6),
('24595349', 1),
('24595349', 6),
('24595829', 1),
('24595829', 2),
('24595829', 3),
('24595829', 4),
('24595829', 5),
('24598143', 1),
('24598143', 3),
('24598143', 4),
('24598143', 5),
('24598143', 6),
('24628115', 1),
('2503093', 1),
('2503093', 3),
('25076060', 1),
('25076060', 3),
('25076060', 4),
('25076060', 6),
('25699016', 1),
('25699016', 3),
('25699016', 4),
('25699016', 6),
('264121', 1),
('264121', 3),
('264121', 6),
('2835075', 1),
('2835075', 3),
('2835075', 6),
('2867171', 1),
('2867171', 6),
('2935600', 1),
('2935600', 3),
('2935600', 4),
('2935600', 5),
('2935600', 6),
('2936690', 1),
('2936690', 3),
('2936690', 6),
('30960967', 1),
('30960967', 3),
('30960967', 6),
('32015046', 1),
('32015046', 2),
('32015046', 3),
('32015054', 1),
('32015054', 2),
('32015054', 3),
('32025971', 1),
('32025971', 3),
('32025971', 4),
('32025971', 6),
('32048815', 1),
('32048815', 3),
('32048815', 4),
('32048815', 6),
('32052855', 1),
('32052855', 6),
('32099029', 1),
('32099029', 2),
('32099029', 3),
('32099029', 4),
('32099029', 5),
('33378703', 1),
('33378703', 3),
('33378703', 4),
('33378703', 5),
('33378703', 6),
('34254978', 1),
('34254978', 3),
('34254978', 6),
('34613846', 1),
('34613846', 3),
('34613846', 4),
('34613846', 5),
('34613846', 6),
('35050362', 1),
('35050362', 3),
('35050362', 6),
('35051555', 1),
('35051555', 6),
('404802', 1),
('404802', 6),
('44541147', 1),
('44541147', 3),
('44541147', 4),
('44541147', 6),
('4464966', 1),
('4464966', 6),
('45010862', 1),
('45010862', 3),
('45010862', 6),
('45050449', 1),
('45050449', 3),
('45050449', 4),
('45050449', 6),
('470562', 1),
('470562', 3),
('470562', 4),
('470562', 6),
('5025567', 1),
('5025567', 3),
('5025567', 4),
('5025567', 6),
('5042178', 1),
('5042178', 6),
('5059984', 1),
('5059984', 3),
('5059984', 4),
('5059984', 6),
('5062160', 1),
('5062160', 3),
('5062160', 4),
('5062160', 6),
('54194407', 1),
('54194407', 2),
('54194407', 3),
('54194407', 4),
('54194407', 6),
('54509971', 1),
('54509971', 3),
('54509971', 4),
('54509971', 6),
('54524865', 1),
('54524865', 2),
('54524865', 3),
('54524865', 4),
('54524865', 5),
('54533244', 1),
('54533244', 2),
('54533244', 3),
('54533244', 6),
('54535603', 1),
('54535603', 2),
('54539005', 1),
('54539005', 3),
('54539005', 6),
('54542987', 1),
('54542987', 2),
('54542987', 3),
('54562368', 1),
('54562368', 2),
('54562368', 3),
('54562368', 4),
('54562880', 1),
('54562880', 2),
('54562880', 3),
('54586674', 1),
('54586674', 2),
('54586674', 3),
('54586674', 4),
('54586674', 5),
('54587735', 1),
('54587735', 3),
('54587735', 4),
('54587735', 6),
('54703549', 1),
('54703549', 2),
('54703549', 3),
('54703549', 4),
('54705380', 1),
('54705380', 2),
('54705380', 3),
('54705380', 4),
('54705380', 5),
('54718228', 1),
('54718228', 2),
('54718228', 3),
('54718228', 4),
('54745411', 1),
('54745411', 2),
('54745411', 3),
('54745411', 4),
('54745411', 5),
('54764998', 1),
('54764998', 2),
('54775060', 1),
('54775060', 3),
('54775060', 4),
('54775060', 6),
('54775167', 1),
('54775167', 2),
('54775167', 3),
('54775167', 4),
('54775167', 5),
('54785057', 1),
('54785057', 2),
('54785057', 3),
('54785057', 4),
('54785057', 5),
('54788226', 1),
('54788226', 2),
('54788226', 3),
('54788226', 4),
('54788226', 5),
('54788226', 6),
('54788455', 1),
('54788455', 2),
('54788455', 3),
('54788455', 4),
('54788455', 5),
('6305997', 1),
('6305997', 3),
('6305997', 4),
('6305997', 6),
('6309330', 1),
('6309330', 3),
('6309330', 4),
('6309330', 6),
('6349722', 1),
('6349722', 3),
('6349722', 4),
('6349722', 5),
('6349722', 6),
('7500173', 1),
('7500173', 6),
('7500432', 1),
('7500432', 6),
('7901208', 1),
('7901208', 3),
('805963', 1),
('805963', 3),
('805963', 6),
('837903', 1),
('837903', 3),
('837903', 6),
('845272', 1),
('845272', 6),
('865052', 1),
('865052', 3),
('865052', 6),
('9999997', 1),
('9999997', 3),
('9999997', 4),
('9999997', 5),
('9999997', 6),
('9999998', 1),
('9999998', 2),
('9999998', 3),
('9999998', 4),
('9999998', 5),
('9999998', 6),
('9999999', 1),
('9999999', 2),
('9999999', 3),
('9999999', 4),
('9999999', 5);

-- --------------------------------------------------------

--
-- Estructura de tabla para la tabla `premio`
--

CREATE TABLE `premio` (
  `idpremio` int(2) NOT NULL,
  `tipo` char(3) NOT NULL,
  `nombre` varchar(20) NOT NULL,
  `prioridad` int(2) NOT NULL,
  `maxelo` int(4) NOT NULL
) ENGINE=InnoDB DEFAULT CHARSET=utf8mb4;

--
-- Volcado de datos para la tabla `premio`
--

INSERT INTO `premio` (`idpremio`, `tipo`, `nombre`, `prioridad`, `maxelo`) VALUES
(1, 'ELO', 'General', 10, 2000),
(2, 'VAL', 'Comunitat Valenciana', 15, 0),
(3, 'ELO', 'ELO 1800', 30, 1800),
(4, 'ELO', 'ELO 1600', 40, 1600),
(5, 'ELO', 'ELO 1400', 50, 1400),
(6, 'HOT', 'Alojado Hotel', 60, 0);

--
-- Índices para tablas volcadas
--

--
-- Indices de la tabla `clasifica`
--
ALTER TABLE `clasifica`
  ADD PRIMARY KEY (`puesto`);

--
-- Indices de la tabla `cuadropremio`
--
ALTER TABLE `cuadropremio`
  ADD PRIMARY KEY (`idpremio`,`orden`);

--
-- Indices de la tabla `jugador`
--
ALTER TABLE `jugador`
  ADD PRIMARY KEY (`idjugador`);

--
-- Indices de la tabla `optapremio`
--
ALTER TABLE `optapremio`
  ADD PRIMARY KEY (`idjugador`,`idpremio`),
  ADD KEY `idpremio` (`idpremio`);

--
-- Indices de la tabla `premio`
--
ALTER TABLE `premio`
  ADD PRIMARY KEY (`idpremio`);

--
-- Restricciones para tablas volcadas
--

--
-- Filtros para la tabla `optapremio`
--
ALTER TABLE `optapremio`
  ADD CONSTRAINT `optapremio_ibfk_1` FOREIGN KEY (`idjugador`) REFERENCES `jugador` (`idjugador`),
  ADD CONSTRAINT `optapremio_ibfk_2` FOREIGN KEY (`idpremio`) REFERENCES `premio` (`idpremio`);
COMMIT;

/*!40101 SET CHARACTER_SET_CLIENT=@OLD_CHARACTER_SET_CLIENT */;
/*!40101 SET CHARACTER_SET_RESULTS=@OLD_CHARACTER_SET_RESULTS */;
/*!40101 SET COLLATION_CONNECTION=@OLD_COLLATION_CONNECTION */;
